0,1,2,3,4,5,6,7,8,9,10,11,12,13,14,15,16,17,18,19,20,21,22,23,24,25,26,27,28,29,30,31,32,33,34,35,36,37,38,39,40,41,42,43,44,45,46,47,48,49,50,51,52,53,54,55,56,57,58,59,60,P
100,90.705,98.6709,96.3753,105.1943,93.3322,103.1027,109.8803,115.1474,127.3967,133.2477,126.1755,122.4221,106.2217,108.6219,107.2408,113.5456,110.2655,111.0932,118.6172,130.5245,128.8844,127.9242,133.3283,140.4625,146.481,144.2371,144.9822,156.2372,152.0911,161.0829,179.7175,196.9527,187.7083,198.2403,185.1477,181.102,194.9399,213.4947,201.7779,205.6849,198.9472,203.821,195.6567,175.8597,192.2106,184.9352,170.4236,178.6959,175.9931,167.5733,167.8293,150.9896,167.1625,145.8262,156.1222,146.8931,158.2779,153.8815,156.1586,156.9485,56.9485
100,112.5372,124.2143,128.4979,122.1353,116.4441,120.7663,121.2607,120.811,115.6266,109.7632,105.0187,99.3659,92.8499,87.7538,85.4756,80.5591,82.7003,81.3136,88.2428,96.6674,95.0014,102.3109,105.339,97.4362,97.1301,97.3741,82.5044,79.2538,78.3316,73.1073,68.4616,62.5868,58.7627,59.7049,64.8183,63.1611,62.7915,60.1489,55.3587,52.815,51.083,48.0608,46.9509,49.0258,46.0734,48.6752,49.3601,48.8743,43.9518,44.157,46.7719,49.1635,48.5292,51.8099,49.9049,50.8719,48.6468,42.6252,42.1657,40.642,0
100,90.5402,89.634,83.0343,80.5863,76.8875,76.8372,83.7752,78.8254,78.9785,80.728,83.5052,83.8137,85.1342,87.4285,96.4581,91.5318,93.0307,85.4425,81.0559,72.3849,63.1401,61.5895,58.7642,51.7485,49.5399,56.044,57.751,60.762,59.1423,58.2425,53.7868,55.9395,53.9143,51.7872,57.6625,58.0018,63.1191,58.5032,60.1749,56.9802,54.2266,57.0647,55.2412,50.9578,51.1765,52.4806,48.9681,52.6124,54.0277,53.1861,48.1067,50.501,50.2329,52.9634,51.6608,53.6132,52.3131,50.8598,49.5276,47.7224,0
100,89.4607,78.7079,78.1884,77.2554,80.0503,84.2387,89.9592,101.4473,94.3627,96.6783,110.5838,100.2128,95.6015,98.2951,95.4124,88.855,98.0763,91.3266,90.9163,87.584,84.4745,80.0474,77.6441,71.1218,74.4691,69.4653,71.6394,75.7652,75.2542,72.5547,82.0245,93.1059,89.9586,96.1156,90.2187,89.0853,83.6116,89.1728,102.1102,95.3606,100.6364,97.0615,103.3918,98.1679,93.2199,87.9197,73.4055,78.7265,84.2145,82.4033,90.9175,89.4197,96.3453,92.9217,94.1684,98.3271,92.2395,94.1823,83.1587,94.331,0
100,103.9582,100.91,91.2391,92.4566,101.7355,101.6515,108.0399,108.6705,106.2497,100.1827,106.2522,104.5063,114.4255,110.191,114.1873,101.7536,103.1571,99.8851,107.8743,105.713,113.756,105.6838,112.4064,122.1962,123.9305,114.5767,122.6525,126.1409,126.0478,123.9824,117.0849,135.4366,141.5323,151.1303,144.2201,135.0152,135.768,143.3194,144.3735,134.7912,129.1385,128.0605,118.2996,118.4301,121.9936,110.3824,111.5404,105.8598,109.8559,104.8386,110.9194,117.5677,121.731,124.328,136.8946,139.5382,134.1855,149.5464,152.6981,164.2878,64.2878
100,95.6108,91.2067,89.4307,91.515,89.5471,94.1409,102.3791,99.7886,99.9272,85.7081,77.8888,80.3453,72.6421,72.7013,81.4362,74.2356,66.0114,69.9785,80.0299,78.6058,75.9233,84.3974,79.7596,74.7863,77.818,75.9811,72.9437,69.3303,67.1397,69.661,73.5258,68.8169,63.88,60.518,61.9215,56.6126,59.2201,61.3091,60.8725,59.3181,56.4932,54.0076,52.8842,55.8626,50.7893,53.5573,46.216,45.2961,51.1527,54.5299,58.2485,54.7182,60.1354,67.4859,66.3341,66.4685,68.6195,68.3781,77.6905,83.3379,0
100,93.9571,95.6183,101.517,96.346,99.9107,98.5923,96.038,89.9004,98.1629,95.1597,93.7456,98.1305,92.021,85.5615,84.2727,81.1497,85.0542,80.3559,78.1925,86.1662,87.9819,93.7321,91.2269,94.9701,87.0234,86.2196,94.9079,99.1718,96.4354,100.4597,93.7141,85.5639,77.7742,77.5105,76.8519,68.1296,65.4989,65.5727,65.72,69.4745,75.6979,75.8502,84.2046,87.042,91.542,89.4774,88.7191,95.1493,88.8298,96.4071,92.4878,88.7037,76.7292,88.0163,81.1732,85.1035,93.4821,87.1251,87.4779,85.9004,0
100,105.1184,109.0001,103.071,91.2744,83.4691,92.9654,92.3133,88.7448,91.9474,90.6484,88.5594,95.7312,109.7829,113.7053,110.7409,106.4838,109.098,109.3602,113.3704,109.3184,108.0096,103.6916,88.7245,84.4307,88.3177,87.1508,84.0565,84.7859,81.8659,81.6342,74.5624,69.7838,73.7999,73.5548,70.9051,73.5774,72.1734,69.392,62.5337,62.2072,62.9197,68.0018,72.3366,73.0034,80.6203,81.3018,86.1072,91.0679,94.5394,94.0988,90.4264,86.7102,87.553,86.4597,83.9199,84.5804,83.2516,88.7197,86.8047,85.407,0
100,108.1317,101.6089,96.5163,94.05,103.6376,106.3818,101.2016,119.1919,119.7723,112.4287,121.8117,130.4689,143.596,140.9868,143.0828,140.5044,141.0404,124.9371,128.5159,126.8128,112.8652,115.1909,116.5162,115.6613,122.3228,129.034,135.1341,129.5222,126.5752,116.0622,107.2219,107.9338,109.4254,107.0519,117.007,117.9454,103.2127,106.489,115.8765,118.648,119.2682,107.4468,95.7662,94.0706,87.6474,89.8137,90.6457,81.7953,80.703,78.454,76.8642,84.0864,79.9154,76.5054,70.635,75.0069,72.4611,77.6958,71.1979,73.6005,0
100,88.6115,84.9075,81.8437,78.1473,82.2854,86.5187,72.3387,76.4216,76.588,79.2236,87.3628,93.3439,100.9298,93.0834,98.2784,96.062,113.7632,118.3682,114.6175,97.5437,105.8141,116.6231,115.0762,117.5869,107.0212,102.9951,94.6299,91.3952,87.9758,83.1742,80.9634,88.7772,95.0508,99.1793,88.8029,88.764,92.1289,96.3236,101.6255,99.7096,106.9054,96.3775,104.0932,100.7493,108.432,99.7702,94.3244,93.0354,93.1756,97.3676,95.3819,103.1193,106.85,94.6809,92.7896,92.8288,98.9477,102.6443,101.3854,97.6427,0
100,101.7934,109.5746,118.358,125.5371,129.5617,131.6706,131.9812,120.7049,126.2952,124.5309,119.8324,112.2878,102.2224,107.5511,109.0513,105.0384,108.8514,104.7894,110.7974,118.9629,122.2063,118.5164,128.2624,128.3753,129.4561,118.7183,121.844,114.1393,119.6216,114.6116,114.908,115.3694,115.8169,116.285,117.0048,130.615,115.1446,123.7814,124.4153,116.8895,116.8176,106.3376,103.874,101.5477,100.8808,100.8372,90.6799,93.082,88.5668,85.5247,92.9406,92.455,96.7609,94.197,94.9806,96.9841,97.4479,100.4815,103.6032,97.8672,0
100,93.4324,82.548,88.2788,90.7957,93.1766,90.9663,82.4662,90.7455,90.7847,87.3438,82.6016,78.3108,80.814,78.6127,86.3171,78.8265,76.7653,72.0122,69.5146,62.2384,64.4456,66.5035,57.9298,61.3285,59.449,68.4868,73.8601,77.8244,85.2871,84.2798,81.5103,78.0442,71.4025,71.5338,73.5947,80.0992,87.6552,91.9589,100.5072,114.1201,118.2354,115.4723,121.8972,124.3878,123.1089,127.7678,136.6194,124.4303,115.9851,117.3701,130.5101,123.4032,115.2375,120.9572,119.3511,122.9153,113.4988,111.5115,104.0259,99.1583,0
100,91.9832,84.7341,94.0147,94.7804,93.3449,91.7421,88.2019,87.1007,94.1225,100.9677,103.4466,105.9036,98.3505,105.3644,99.6058,98.3205,99.0027,96.4596,99.1523,97.8621,92.5101,80.1082,76.3013,78.0264,78.5589,84.6638,90.5474,85.0156,82.0601,85.789,89.889,92.1625,92.2824,92.8961,86.9564,85.2924,86.5871,84.7633,81.6524,78.1625,80.9662,88.6433,85.9569,85.7379,78.2381,74.1164,70.7432,71.6497,61.1654,65.3463,64.647,68.8575,66.4181,80.0258,81.6575,93.0906,96.6139,95.309,93.2662,99.6803,0
100,95.2619,95.2444,91.2284,95.1457,99.1358,96.2033,94.8347,97.0255,102.8425,90.0955,85.7214,87.829,91.8521,91.8234,87.0376,81.4546,82.453,78.8958,73.0003,71.3669,74.26,73.7279,70.5415,69.7753,71.3767,66.3823,69.1156,65.9209,58.2134,53.4362,53.1719,53.2081,57.1543,52.2235,55.2263,53.816,51.4921,52.0582,50.1372,47.9517,49.0424,50.0083,57.1793,57.6387,57.7425,56.0655,55.0514,55.9957,60.0651,67.9053,75.2933,69.6128,71.8063,70.7694,60.5135,65.8458,66.9817,62.9878,63.5666,70.7596,0
100,89.8439,90.9894,99.1365,110.5507,108.9276,115.0231,120.1496,109.4552,113.7547,120.2177,129.3721,140.7946,148.8363,153.8923,158.9989,144.2396,147.5175,153.8942,163.5565,165.6877,176.8079,180.6087,168.7473,174.9841,184.7509,179.6137,176.473,178.6342,165.0065,149.9781,156.3729,157.6326,145.218,141.1336,141.2667,144.4691,147.6068,134.2651,120.1825,105.0655,92.2445,82.7341,84.2798,90.6432,88.678,89.9256,90.956,91.6627,99.4317,92.6371,94.5252,84.1537,84.4175,83.9908,81.7219,92.4685,90.2102,84.0788,90.7245,97.4016,0
100,105.8427,114.9557,125.3023,132.8355,128.0785,111.5561,113.6231,112.9101,113.8923,112.2846,121.4625,121.2588,124.1267,129.0856,146.7935,139.5485,154.5177,141.8759,130.5896,129.3568,136.0214,142.1347,133.8675,130.5314,128.7299,116.9602,114.6912,118.8833,116.7443,119.0268,119.1415,115.9659,106.7308,117.4689,130.4629,133.8009,137.4554,141.7514,130.1807,155.3977,160.6327,142.1262,150.9123,141.2928,130.6796,125.3898,122.7124,127.4916,126.5454,124.1597,120.5836,118.0761,126.5702,133.1121,149.8112,143.1456,153.7225,151.9844,131.0457,130.3163,30.3163
100,97.43,84.3038,85.3537,90.3975,82.6695,76.4169,74.4627,76.6324,79.9034,75.4786,77.7901,89.1123,92.8274,90.6319,83.166,81.8546,87.1045,92.9635,88.5105,87.148,79.9914,88.6054,83.5071,86.4861,100.9267,103.949,106.2882,106.2105,97.9049,110.7105,113.6527,98.9274,92.6459,83.352,78.6502,76.2537,74.0676,83.8871,79.0613,87.7599,95.2495,97.317,91.4295,83.5523,84.5631,85.016,96.6905,100.2949,101.5008,105.1615,93.1708,80.827,77.506,87.6667,88.997,91.8913,95.3168,87.6172,85.2093,78.8026,0
100,106.6369,107.9287,101.2928,106.7373,104.1312,119.0789,127.4715,130.5709,135.6013,133.2097,139.7497,146.7196,157.9989,148.6447,150.4102,156.0427,164.3659,172.6446,173.7667,166.7622,177.4004,161.4601,161.8603,158.356,145.2628,143.7453,148.0182,165.8437,187.2139,196.2268,209.906,217.6667,209.2989,201.5093,194.6236,215.4332,226.6564,233.6582,205.6872,215.7424,214.2051,199.6766,175.663,164.1673,153.6686,160.0819,160.1074,167.0846,160.1126,172.486,181.1561,187.5858,197.3453,190.6267,199.2849,191.1298,213.3997,199.4424,184.8672,167.273,67.273
100,103.6232,102.667,97.4086,99.2163,108.1709,105.5174,109.5544,104.3164,104.7987,111.2978,116.6078,127.0162,130.4264,128.4433,144.1965,146.9006,148.3341,151.1542,143.9444,139.7145,138.5622,135.2981,136.2838,130.9086,130.459,136.1966,135.1367,127.9618,123.2546,119.2185,124.0267,127.0772,127.5877,130.1141,129.9786,126.9941,132.5624,127.9352,125.9335,123.4244,129.9744,117.3648,117.7487,118.4221,118.9188,120.5322,111.87,122.5066,120.7806,120.1558,120.8148,129.7061,139.146,144.6378,135.8695,131.8014,124.1622,118.0803,129.8798,128.2944,28.2944
100,95.1156,97.7104,108.3979,110.2238,112.9822,117.0399,107.1332,108.0094,97.7684,101.9144,103.5911,104.7544,99.5787,93.7897,105.5395,105.8896,98.517,93.2265,87.4148,83.01,82.1572,73.3896,68.6311,76.4604,79.0166,73.0237,73.8697,68.9009,62.2145,64.7429,61.8997,66.1086,67.4653,63.9605,63.8567,63.3965,64.2093,67.2694,63.9278,70.7976,65.3368,55.0075,57.5971,52.3358,53.4217,51.3547,54.0019,53.2778,56.5714,57.4082,52.7007,55.8514,56.9591,54.6997,51.2113,48.2093,47.2405,54.5459,49.7017,54.7667,0
100,98.6632,92.3195,89.91,105.5375,100.8714,95.9179,107.2135,114.0156,120.342,114.4515,118.9409,117.1464,123.6512,140.1011,157.3208,160.2486,158.1069,164.7959,168.3734,182.1325,204.6448,186.4016,189.17,194.9642,183.1074,189.5354,189.3181,183.399,169.2756,169.2638,167.7365,159.6165,157.848,136.9348,148.084,147.9016,150.7201,148.0061,156.6408,188.2392,180.8415,183.4156,192.1468,207.3391,202.2329,204.9815,191.3471,195.009,190.8073,184.9969,181.7554,186.5356,199.8799,194.5789,195.5062,201.9174,195.081,186.0436,192.4733,197.3981,97.3981
100,103.7562,100.5356,96.5864,101.4552,111.7235,108.4908,112.6545,114.01,111.806,99.7792,100.5144,102.1125,107.1743,106.2815,116.8505,119.7615,112.227,119.0477,118.6363,119.3848,126.5148,116.6996,103.0948,96.9834,95.4803,88.6153,83.5513,82.2458,83.5785,92.9639,87.0964,81.9186,72.4881,80.8182,72.3425,71.4239,72.3037,71.863,76.6651,68.1726,70.7176,69.04,63.9928,64.7815,68.2135,64.9473,72.0291,65.1494,67.8771,65.9451,65.2244,62.7039,65.1834,63.0608,62.6313,65.0833,73.8492,72.395,74.4806,74.0543,0
100,87.7742,87.9103,101.1388,106.7108,112.4683,94.5194,97.9243,100.8244,106.0687,111.4033,113.5556,125.2425,121.0802,115.7947,114.1599,119.0339,135.6946,125.6958,119.296,119.9299,121.7929,111.5959,115.6468,117.0151,127.3229,126.7858,133.848,144.0217,132.7303,132.8499,128.1838,120.2389,123.3336,111.4488,115.0782,116.273,113.5544,127.5753,120.0516,112.2391,119.4657,113.7505,109.9894,107.6879,115.897,134.1591,129.78,126.8567,132.8679,136.2171,155.1081,155.6645,140.8387,153.2646,145.5083,137.2225,153.42,160.365,164.1711,145.0056,45.0056
100,114.5738,100.9521,104.4212,101.74,100.7754,97.3159,104.2817,102.8834,104.2008,101.6372,114.0721,107.6223,112.4472,109.5821,117.723,115.4572,119.7936,133.6984,123.2174,124.4115,119.9573,130.2895,143.8707,138.9177,127.5035,126.7699,120.1832,124.49,121.4413,107.7639,103.1721,96.1073,90.1767,95.794,103.5107,97.4428,97.4298,103.5286,101.3596,108.9815,113.6014,109.1368,105.1627,108.3751,112.1246,107.5136,102.4111,95.5858,91.0567,85.6117,86.5463,91.9561,99.8377,98.8051,96.3624,105.8067,104.1963,105.1308,106.616,103.3676,3.3676
100,103.914,109.1618,103.7568,101.2825,104.2936,116.3027,109.6491,105.6021,95.9866,89.7058,83.222,87.4601,84.1011,83.9156,78.3885,81.9771,84.0039,74.4015,74.9484,67.5498,63.5689,64.2942,61.712,63.7787,70.0956,61.4051,58.4437,56.9793,53.5311,57.4113,62.0167,66.7221,65.565,60.0487,51.157,48.1629,53.0349,53.1992,47.985,43.5721,39.6213,38.7304,39.4746,38.5472,39.2984,36.3732,35.3827,32.681,34.7088,38.7706,42.0957,36.9928,35.3814,37.3694,35.9266,37.0841,33.5209,30.0368,30.1882,30.5355,0
100,86.9639,78.6603,79.1782,71.5742,76.181,74.5632,68.2794,68.0377,65.808,68.4805,78.6052,78.8736,83.8336,94.6899,98.6933,90.9732,97.8385,94.4828,91.9386,104.8541,110.3644,106.0274,105.9834,112.9495,111.4299,97.5795,101.1572,100.7097,112.8493,104.6837,95.8453,98.9771,99.4213,106.5033,97.5021,96.7979,92.3479,82.0715,81.9533,78.2077,78.6966,78.8735,81.5844,85.4486,83.3083,84.4837,86.7915,90.728,88.182,90.8658,90.1509,92.816,98.8274,94.2731,86.3999,90.7243,91.0194,96.2835,108.5889,108.7237,8.7237
100,99.907,104.9273,109.2247,116.5844,111.9726,121.8583,114.0477,112.6756,113.4435,126.3528,118.8768,114.2301,107.724,108.3906,120.0349,136.3364,133.3581,136.0689,137.678,137.0444,129.7648,124.828,115.9499,122.8722,122.8672,129.2603,123.6432,133.8191,136.9575,147.7768,142.2148,148.714,157.1367,163.4226,190.0654,176.3234,175.1504,164.472,171.6503,161.8152,168.2452,161.4373,135.3025,128.7225,137.629,142.6884,148.9424,141.3768,152.1989,149.6299,143.8585,135.9699,145.2573,151.7749,162.4628,151.8885,157.3972,148.8081,142.5409,148.5096,48.5096
100,106.7623,95.9642,98.878,85.2764,80.9352,79.9983,71.8684,68.6629,73.3836,72.9443,70.0235,71.9762,68.5237,73.9728,76.3742,78.292,81.3396,78.8179,73.7171,69.7665,83.5802,80.32,79.4921,78.1129,73.4389,69.2998,77.7852,74.6832,78.9866,65.5905,64.6095,58.5888,52.9031,52.6125,58.9912,60.6384,55.0816,53.6053,66.9152,65.0861,67.1347,66.3816,63.3716,60.2327,62.723,55.262,57.7017,57.2624,57.6307,56.5908,49.0016,48.8361,48.083,46.8317,42.2693,41.5592,38.7085,39.6681,42.9706,43.8094,0
100,100.4971,108.4223,111.141,101.9159,108.528,100.2023,105.2443,96.53,89.084,91.4795,99.715,108.8897,106.9081,97.1973,96.1662,102.0557,94.5504,91.7187,87.6907,88.9377,90.3438,95.6801,95.6945,100.1273,97.1545,95.7255,97.2307,105.1379,105.5194,100.223,106.9012,97.7081,98.6678,97.11,101.1579,100.6719,104.8624,101.806,99.1526,94.2492,91.2496,90.5404,91.7193,86.6902,91.927,87.9999,71.6078,68.1913,74.0042,79.692,84.9336,85.8727,85.4712,83.8975,81.2036,81.8514,86.1136,84.8908,82.3394,73.5266,0
100,103.0771,108.6027,103.9903,103.1773,109.2401,122.8315,129.1122,125.6853,135.5768,147.3854,134.5663,154.4816,148.1121,147.6874,155.2025,149.7751,155.564,152.1619,140.8311,133.9264,126.896,130.4276,138.3731,137.1728,124.2993,116.638,121.0141,116.1374,111.2768,116.4025,120.5955,116.4378,118.4745,125.4453,133.2677,115.5012,137.4959,147.5263,151.1996,153.4894,156.3306,157.4201,155.9019,152.5677,155.5083,154.1108,172.347,182.9777,181.8028,179.2196,178.4827,170.0635,160.777,143.3318,138.2602,156.109,151.8983,150.9056,143.2737,141.2753,41.2753
100,109.0394,100.3956,96.3917,96.0437,97.7863,92.1127,86.2479,90.1105,79.5556,72.4719,68.9814,66.4406,68.1566,72.9301,77.1866,79.7904,76.6986,85.65,87.585,91.9412,84.7173,93.8069,99.2217,106.33,112.4957,107.7434,97.9329,97.7374,91.6978,92.0354,96.7811,103.4605,103.1612,99.2666,104.457,112.9523,114.1374,110.0754,113.4702,105.0626,100.8375,100.7043,109.9505,101.138,90.2808,93.6015,97.5077,108.0681,100.1975,103.5129,102.7451,100.9783,96.2163,92.0927,85.8792,89.8464,88.856,82.8086,74.1417,70.2966,0
100,96.5361,93.4015,96.309,101.8699,102.8331,111.3632,110.7693,114.0364,114.056,110.6833,118.3505,109.4322,106.5551,108.1262,104.5943,109.7785,112.3219,117.1092,126.2969,122.4379,123.5895,119.6687,125.2245,130.3369,143.5325,135.0923,111.3897,111.1668,121.8392,119.49,136.1675,121.0819,111.2505,110.8551,98.2516,97.4476,101.3443,94.9141,89.9427,85.6161,88.3265,93.5387,85.3158,91.9302,85.8912,87.7747,92.2858,95.5494,98.1019,99.8769,105.0783,124.7068,120.4124,120.1629,108.867,111.0849,130.2465,118.8511,109.0183,112.4967,12.4967
100,98.7512,91.1287,83.5272,91.4253,92.6253,94.0448,98.8056,95.9028,98.6959,101.18,104.1706,97.6279,91.8426,84.483,84.0081,81.7097,83.1379,89.776,90.6742,96.8819,85.0223,83.9009,78.2793,83.0421,92.3007,96.8657,88.5763,87.3855,87.1132,76.8434,75.9559,85.6419,87.0284,85.639,91.4782,83.0425,71.7376,77.4923,72.1132,74.0918,69.1503,78.2233,75.8345,83.0385,84.1382,83.709,79.9937,77.2398,74.8105,78.2036,75.7074,72.9287,77.9082,82.4636,84.765,77.8624,73.7104,74.7127,67.8244,66.1619,0
100,94.1738,102.7932,101.62,103.5121,106.4203,102.9868,99.791,100.2825,99.3001,103.2194,96.0032,100.9652,105.8416,92.8535,107.4524,103.3184,103.1315,114.3399,116.1591,113.1125,108.3446,116.9177,128.6958,134.9173,141.0712,132.5144,123.2283,118.3868,107.4493,107.9092,102.8648,106.1265,105.7004,105.4272,113.2648,114.5058,103.1255,116.7765,115.8626,111.848,113.1252,105.1158,103.8095,104.1007,118.0264,114.2313,103.4751,96.1358,106.1476,105.7672,108.5162,99.2322,93.2859,100.3923,101.1426,105.826,107.8961,106.8166,107.5735,102.8634,2.8634
100,95.3415,100.5227,102.7046,102.7596,108.1773,103.3659,103.2619,114.2832,128.7204,133.3152,143.2893,145.1591,142.1202,134.1946,136.8381,145.858,136.6981,141.4752,132.0973,124.3673,119.5463,115.3401,115.2384,121.075,133.4527,129.9995,134.7025,139.3371,146.6047,149.8685,150.2956,160.7168,153.4196,151.1205,151.3473,148.4242,147.0602,147.6728,145.4223,132.6979,147.4395,142.0647,134.8426,139.2434,137.4103,132.2102,145.1231,141.3387,156.1315,165.7908,160.671,171.6846,194.93,190.7104,191.6083,185.8233,175.7432,155.6518,169.8119,172.2095,72.2095
100,119.2832,131.2144,123.0149,136.464,144.8225,156.8634,177.1239,181.192,198.4764,201.22,200.3382,216.0109,217.029,215.6732,209.9382,207.2454,215.0499,213.523,209.7992,220.561,242.9741,232.0889,234.0784,214.002,214.7748,245.0328,253.405,246.4392,258.2002,229.0554,193.6711,189.8633,185.128,180.0764,176.2319,170.1298,167.0414,155.2231,155.2185,153.1711,146.9242,155.0293,155.5529,162.8665,175.6658,191.2747,191.3322,187.0439,173.4273,194.0485,207.6514,213.0163,220.3143,212.3203,222.9231,221.8738,236.1433,259.0907,237.017,223.0924,123.0924
100,101.4507,107.0638,101.8347,100.5211,103.2729,109.6047,108.7214,114.3743,116.7408,120.5527,118.4109,111.0579,111.6059,113.953,121.1684,122.6346,122.1086,113.1658,118.7029,123.7894,132.1847,129.8203,152.0138,148.6796,167.807,163.8037,148.9705,149.3436,146.5425,152.2748,144.8686,147.2515,151.8807,150.6974,145.5365,154.3097,154.6192,151.1599,155.2334,146.3855,144.5058,144.415,135.5436,136.9977,136.7129,140.0808,124.6118,110.8534,107.243,104.3295,106.4749,108.943,104.3675,108.1695,109.6083,105.6234,111.5344,102.1621,101.6592,100.4014,0.4014
100,96.2067,98.5641,89.2983,93.5602,98.3169,88.3606,92.3092,92.7232,97.522,106.3562,115.1306,109.8214,107.0932,106.1586,101.1266,94.2665,98.6343,97.0352,102.3356,101.6034,102.3228,96.2513,94.5448,91.3895,95.2488,96.7767,107.0006,107.7598,118.6434,108.4959,105.675,98.2207,94.8202,99.7075,101.9801,105.4504,104.0265,109.1199,125.5342,134.6102,128.095,107.8245,101.9559,97.8906,100.617,94.4632,103.0462,108.2809,108.6754,103.5807,105.6044,99.5706,101.7143,104.0452,112.0054,132.1135,134.782,131.7773,131.5683,140.2708,40.2708
100,97.6545,78.3154,69.3589,69.2341,69.5519,76.5432,70.3545,78.6675,71.3642,71.4955,67.2807,63.6433,65.8509,68.9962,70.0998,67.0287,62.8194,65.1547,66.0038,66.7359,60.929,61.7082,69.1276,73.0755,68.3481,68.041,67.7945,63.5901,63.6301,71.5705,72.656,77.7984,82.5219,87.2626,89.7002,84.3228,82.2974,84.7734,86.0122,78.3506,81.9485,80.6472,85.4241,81.7055,78.6889,69.1763,70.373,74.2845,76.6346,75.2421,70.4928,66.7359,73.7105,74.3492,76.6904,74.6763,70.6401,71.5812,76.4643,86.8809,0
100,96.1134,84.5962,76.7251,70.7953,70.5118,69.6713,63.2783,68.9949,67.6366,63.5319,63.3613,64.8695,63.2033,60.7691,63.4894,65.8137,62.5071,60.585,65.8082,66.1673,75.4257,74.7907,77.6573,75.765,77.871,69.9889,66.8182,65.3072,64.8758,67.7836,70.0074,66.1094,65.3697,67.3317,65.8354,67.5876,63.2329,65.1696,60.5153,60.2105,64.0588,59.6553,60.2203,60.8994,61.0826,67.3343,73.7561,76.9003,79.7721,79.6784,85.487,77.6914,77.8361,77.7986,75.7092,75.559,83.365,77.7286,63.6278,56.465,0
100,95.9155,100.7406,112.0537,118.2238,102.9869,94.1882,97.8397,110.9993,106.335,99.6671,104.6982,104.0648,106.4171,108.904,98.9912,87.195,87.3873,91.0736,92.5391,93.7653,103.0256,107.9196,122.6655,123.5656,103.3735,104.9582,107.113,98.7019,111.8653,122.0991,120.5718,99.2176,97.2115,104.098,98.3174,80.643,73.9618,74.6639,78.3169,74.6922,73.7944,71.1023,72.5097,75.7333,71.7873,70.4895,72.7485,77.0013,69.8867,71.6209,69.4444,71.4764,68.8127,65.7981,67.9574,67.0424,70.4759,68.2393,70.6135,76.3656,0
100,108.1271,100.0702,99.3154,86.4236,80.5612,72.5972,71.4252,73.5629,71.6164,77.1523,81.7658,78.5391,79.3918,82.5079,82.6805,81.7881,96.9378,96.4208,101.4443,102.2426,102.802,104.0661,101.7584,98.803,95.4963,96.5913,102.4157,97.2152,96.5127,96.3567,97.0684,90.7992,94.4155,102.6172,93.5845,95.2188,93.7947,91.9206,98.1852,107.1706,108.82,105.1788,102.612,114.0051,115.2038,111.7575,107.4995,105.5995,106.719,104.3507,94.1043,87.995,79.6508,85.53,88.9087,93.0567,83.7681,75.1531,74.7474,76.4168,0
100,95.3226,101.4081,94.201,88.0017,92.3549,86.1795,79.2118,82.8219,78.0817,80.8724,80.9956,75.1996,79.6892,72.4926,71.3001,77.0759,76.8664,73.9353,71.4653,66.981,71.0234,78.4072,74.1735,82.3107,80.2051,82.0997,87.0693,85.3597,81.6434,86.6193,94.6122,93.3866,99.9507,92.098,94.8992,91.2714,94.3482,98.8179,107.6136,113.9449,111.8262,125.1226,132.2373,131.8398,125.4632,134.783,128.049,119.3481,126.3791,128.722,126.6478,127.4452,124.8126,117.4917,103.2306,100.7073,106.1717,100.6791,95.6631,84.6144,0
100,89.022,93.2711,93.8029,83.1775,86.0763,87.7969,89.1996,95.228,88.6375,91.2575,90.9903,90.4878,85.9425,87.1059,84.909,80.21,83.2505,77.7681,81.0529,81.0064,80.4471,80.5013,77.3014,73.7634,71.0053,70.6722,71.8179,73.4045,78.4586,80.7443,88.5789,85.4462,85.5083,87.9637,86.9438,85.2557,82.7058,87.3222,77.1614,74.85,71.3021,75.8314,71.2858,71.3997,71.9673,73.6357,71.203,70.082,71.2305,69.7786,71.3786,72.3701,69.9487,71.0896,71.1066,72.9466,88.3436,89.7261,88.56,104.1124,4.1124
100,103.4577,107.9592,99.9337,98.7535,101.5271,102.439,103.0696,95.4925,86.4709,81.209,75.3413,66.3553,61.6603,53.9915,53.0329,51.2682,49.5041,46.9881,44.2197,48.3065,50.5696,50.9407,51.518,48.3314,45.6003,43.1632,43.9978,43.9969,42.0333,40.2249,39.4167,39.4263,39.6263,42.3365,42.0463,41.1229,40.8639,41.7722,39.4626,37.1692,35.2999,32.2896,30.4482,33.1869,30.5794,30.6622,31.7072,32.2267,32.521,30.3079,29.9102,29.0237,26.5596,26.5599,28.0495,26.6438,27.3277,27.5206,27.2224,25.768,0
100,96.627,90.7378,85.7184,87.5434,84.8614,82.5361,84.3192,76.7398,79.3975,75.3799,74.0689,74.7516,75.5765,81.4575,84.7347,76.4989,78.2786,73.2056,75.6917,76.0485,82.6641,68.967,73.7081,69.9356,62.5507,64.0093,66.9327,71.2935,74.6126,71.4044,73.5964,84.2155,90.1993,88.8806,79.7666,75.8005,73.7607,82.1095,91.9342,98.3608,102.6765,102.2352,92.6471,103.3225,94.1819,103.4623,104.9807,99.7699,93.929,85.9162,84.9395,77.1281,71.0816,68.191,60.7558,57.8674,55.8375,51.9983,47.6607,51.1636,0
100,90.8613,96.3855,100.5864,110.1637,107.8761,113.8894,121.7484,116.7413,126.3154,117.5732,116.9594,114.78,102.2979,109.4113,103.1464,104.3052,106.576,107.2195,104.53,104.6886,109.7036,101.9362,92.9593,96.3971,91.4677,86.3105,84.5667,84,99.4749,103.4867,109.702,104.2974,97.0536,90.6651,83.9465,83.4939,82.7847,89.3312,81.9723,77.2136,73.301,76.2601,73.9082,79.3109,82.8232,81.4493,82.2956,78.6903,76.3982,84.1839,96.8887,103.7553,90.1083,91.5557,87.2824,78.5116,76.3391,74.5324,71.7558,71.8595,0
100,99.665,105.4117,98.7898,94.8295,87.949,92.5276,96.0869,93.2088,92.7098,91.9116,103.2006,108.2714,98.361,93.0694,95.7444,97.0401,94.3647,82.3435,92.9071,80.0135,78.5753,78.0676,75.0855,76.1183,77.9278,74.6072,73.5303,68.6532,70.7179,77.7164,79.2092,79.9565,86.2122,74.0418,68.0709,67.7084,74.7583,76.6997,69.4711,74.1237,66.6921,70.4483,65.5724,60.3345,59.8511,54.9744,55.2269,58.7583,58.256,53.7346,54.6945,53.5588,53.4585,57.9691,58.2011,62.797,65.3078,61.6044,61.7358,67.2617,0
100,95.9285,98.9178,105.1021,112.3554,102.3665,90.4404,91.5434,93.8919,90.735,84.0964,88.9106,91.2811,101.9812,90.8871,95.4205,86.7289,82.6222,86.5206,87.7673,79.6582,89.1862,96.9388,103.6937,104.4373,108.9952,104.8217,100.632,90.9355,109.0048,112.0039,117.1882,106.3517,107.6295,101.0162,99.1284,97.1143,97.3452,97.8706,110.3381,113.7233,101.4784,101.0314,104.5928,116.4481,127.0369,124.7863,119.8557,124.7153,119.5205,129.4916,123.3144,133.6499,125.498,124.5308,134.409,122.7781,113.1022,111.4356,106.9892,110.2609,10.2609
100,99.5922,101.1543,97.8172,99.2088,110.6033,110.3717,110.4012,105.1995,107.5045,109.2922,123.0058,118.2009,112.9959,109.6862,103.1367,106.0349,115.9255,119.5727,126.5999,132.0663,138.1106,137.0181,122.1953,121.5928,122.8111,120.0948,113.67,108.9584,110.0063,101.2339,90.1857,89.2663,96.5417,99.2447,107.6601,107.9609,112.4872,119.0371,126.7112,129.4568,127.1012,132.7862,138.551,123.7967,120.1307,132.1841,132.944,130.5017,143.7012,154.842,160.5424,155.9114,176.6781,169.9082,160.2538,161.359,170.5045,194.8387,197.2632,205.8174,105.8174
100,104.3964,109.346,122.4022,114.6859,114.5045,127.1277,144.5993,147.3439,147.3166,130.202,148.2521,154.6227,153.2499,165.8509,166.87,156.3466,164.1915,165.1737,169.7502,161.8479,160.9927,151.8441,148.9095,129.0526,111.8391,116.0451,114.582,129.1607,122.6743,128.6908,139.3728,130.6496,156.1934,167.4907,167.8691,185.6954,204.3014,211.2663,209.7308,207.438,226.6959,217.4547,200.7669,191.699,164.5592,149.6502,145.6021,153.8638,148.0873,142.9942,131.93,137.019,135.8576,143.7321,147.8052,137.2477,142.8965,140.98,158.3692,167.5605,67.5605
100,102.5987,112.91,110.3853,108.0534,111.923,110.4023,114.6551,111.6719,124.3702,118.3623,139.4664,128.0439,120.5997,128.1508,116.9502,113.5784,110.7483,115.0929,109.8032,111.8309,110.079,94.6363,91.7278,100.6231,103.4856,98.3896,92.8749,96.4771,94.0685,99.3456,91.572,90.4392,94.1055,92.6481,85.4039,78.5986,82.9352,81.9497,87.3062,85.2715,88.5557,90.0018,83.1426,87.5314,90.8233,102.1029,107.7132,104.4328,97.7286,105.6552,107.7001,105.3979,99.3766,101.9867,101.8745,100.7228,97.2451,88.151,83.0575,77.9516,0
100,105.1148,99.5683,100.2773,97.384,100.4726,101.4896,105.4622,106.8631,105.6737,101.1631,110.5871,103.8159,96.9115,89.5352,92.4874,87.7172,95.102,86.1637,97.2367,96.1558,91.6462,96.8477,103.3571,108.5717,107.6148,103.2196,109.5023,112.8731,112.352,109.2725,112.9225,106.6824,98.1293,97.7465,99.6274,95.5841,82.6182,83.868,87.251,88.0102,87.0163,87.8543,71.9815,74.5696,76.5977,82.0958,79.7911,82.8873,82.9382,86.899,80.7269,88.1328,90.6084,88.2002,98.0075,102.5072,98.635,100.5068,97.941,90.3386,0
100,114.7944,113.2671,114.4357,108.6154,107.9141,118.9023,116.7748,114.4956,115.3922,114.8061,112.9701,100.3654,96.3361,87.0442,93.1368,98.157,102.2861,106.2252,101.417,100.2008,99.1486,100.9914,109.0181,110.0076,113.7039,130.7652,138.571,146.7963,167.0505,165.5937,166.5634,167.7529,160.8957,186.0349,184.1885,186.7131,183.4588,198.5132,196.9121,213.2567,229.4996,231.809,240.3309,255.6226,249.6497,247.1359,251.3621,250.8485,227.9821,210.5584,191.6299,207.6745,194.2615,212.2461,208.2541,231.3496,233.2673,242.2344,228.0909,220.7597,120.7597
100,103.2441,105.6677,108.6909,111.8378,112.6383,107.838,104.6605,110.0334,118.1818,99.3789,104.0506,103.993,107.5442,110.8662,115.8048,119.2613,117.8282,110.2308,114.3214,109.1156,110.1404,114.4077,114.1809,126.8664,116.5778,110.1408,108.0819,98.3267,104.7724,107.2356,115.9374,127.5614,135.326,133.533,153.3774,159.1549,179.9818,171.0842,179.7425,172.4604,160.4984,168.6031,163.5383,175.8392,162.0933,145.1444,144.16,136.9754,128.9009,115.3463,116.8331,122.2443,139.1039,143.0504,146.4867,146.7256,152.1507,163.2057,176.1896,168.9447,68.9447
100,104.3326,103.3859,105.681,99.9949,97.3046,95.5016,87.1103,91.3514,88.4683,99.9807,99.332,98.4389,88.2772,94.063,91.4255,91.608,94.1355,88.2775,76.5079,68.6824,66.7896,60.8949,67.1044,65.5717,69.0331,70.4729,72.7284,67.2061,64.2084,61.9431,54.1383,49.3223,53.9003,56.4338,49.5789,52.1435,52.7863,54.3357,54.6116,55.0294,52.2822,57.2944,57.7101,56.7273,61.0588,57.7671,55.4597,52.1592,55.4079,58.7196,60.2143,56.983,54.1144,52.3152,50.4689,44.0158,42.1605,39.2339,44.1525,45.6437,0
100,97.4152,89.8472,91.6004,91.9652,98.9005,102.1168,105.712,113.2354,110.8634,108.5391,109.9329,113.8425,115.8104,111.9034,108.5794,110.1795,112.5685,112.9741,108.236,108.5742,97.3626,96.6168,96.9495,89.9089,94.3514,107.5356,105.225,113.2885,105.3853,117.0438,118.5736,106.0212,109.1971,108.4514,112.477,116.5054,111.3117,118.5042,121.7048,123.5449,121.5909,137.6773,138.8458,138.6525,135.2294,116.6563,119.7457,131.1014,135.7462,145.984,129.6767,143.3234,151.8762,166.4477,180.9417,168.1228,162.4906,171.0987,180.4156,155.4003,55.4003
100,99.9627,108.7844,109.3525,107.1173,106.1685,100.8561,98.2875,106.3613,104.0906,102.3851,102.7615,113.7831,113.5181,121.654,111.3293,112.895,117.9242,116.0244,102.123,109.2682,105.5085,108.6264,115.2622,109.7182,106.6203,100.8966,97.0808,95.5791,104.1374,107.3811,110.9746,107.4191,103.7734,106.4537,96.4139,97.343,101.7222,98.0284,98.5111,94.9679,93.3539,98.656,100.5524,95.9316,98.3235,94.364,82.2921,85.0844,89.0227,82.6059,86.3284,84.7421,92.6144,92.1732,93.3191,92.6857,93.7241,110.6752,115.9047,116.8845,16.8845
100,93.2684,100.5601,94.3249,100.1961,112.1156,104.4093,108.6073,120.7101,117.1037,117.7456,118.5356,115.0363,122.3933,135.0669,142.6132,143.5994,134.4693,128.7416,118.4716,122.94,135.789,147.4697,145.0727,143.1397,138.0516,145.8424,146.9225,149.1819,161.5289,166.2441,169.2279,169.253,172.3085,159.5275,161.4168,146.264,163.1852,156.77,153.9953,171.9182,175.2137,154.044,137.7896,131.1129,131.306,139.4735,141.9039,154.1079,141.5182,157.7004,150.3534,136.0651,139.7285,128.0785,130.326,139.2219,132.4853,140.2019,148.6423,141.275,41.275
100,96.6545,99.4511,94.9894,93.9303,102.2699,110.3941,94.6111,96.5,104.5891,110.1339,106.9322,97.6928,99.9251,109.8648,107.3431,102.5648,101.8889,114.0926,115.8456,111.6859,114.3998,120.5197,121.2925,113.1681,114.3231,110.4999,114.62,113.5435,107.683,111.8577,117.419,118.9623,117.4579,120.527,114.3093,107.4356,108.5461,102.9902,100.548,99.3627,95.5554,108.1211,102.2756,112.3867,124.5422,136.7236,130.397,132.8224,118.1216,115.4991,132.0962,137.2539,139.6727,140.2112,146.6348,154.4513,166.655,173.9502,169.3687,160.093,60.093
100,101.9796,96.0349,89.0844,87.7541,91.725,89.2261,95.5107,98.1888,90.3756,95.5331,97.2616,95.6237,89.6585,88.1931,89.2451,101.5507,93.6787,84.9261,84.4734,82.5662,85.9758,90.5899,88.0686,90.6374,87.9411,105.4663,107.4488,113.1459,113.9972,103.4193,92.7272,95.7759,90.6428,78.4285,78.0962,70.9605,67.3854,69.7063,70.9096,76.7387,66.0616,69.067,72.7877,77.1553,73.1138,71.5438,72.1914,68.28,68.8478,66.5457,70.5819,71.1211,75.5246,73.7515,70.9214,68.6582,68.3138,73.0671,72.705,79.1542,0
100,95.3196,91.9899,94.8665,93.3063,99.5073,100.2205,104.6309,108.6686,113.7722,105.5754,109.0456,98.384,98.2849,96.1273,100.935,104.5878,118.9157,121.4989,135.4869,149.2578,150.3595,152.3217,158.3298,153.7648,145.5085,149.58,144.842,135.1587,138.5772,131.4625,134.0315,141.7557,146.1353,146.0513,138.5885,135.7814,142.8275,146.7254,133.623,135.2614,124.839,129.8833,124.7753,127.3076,145.6495,151.6889,139.0242,121.0905,124.6751,129.6358,131.7552,138.9132,148.0945,141.3858,137.9906,139.4346,146.8661,139.768,138.6146,136.6466,36.6466
100,105.172,105.3112,108.306,107.0453,109.9588,109.8284,99.5339,95.913,95.5569,100.1913,99.7137,105.8508,111.2326,111.6008,101.8426,102.4627,109.0311,102.5295,103.5403,95.9603,86.7051,87.3615,80.8033,83.2767,88.1806,88.6526,98.1805,109.7413,114.0569,125.4106,128.5686,130.544,122.8943,126.5354,126.0152,124.0855,128.0958,119.9326,114.753,126.2802,135.3621,132.1225,136.3225,135.2708,140.1636,126.2973,122.5871,116.3353,113.5901,111.5232,119.6149,136.9202,150.9643,161.5758,161.7919,179.0829,183.4471,197.7211,194.8136,196.3487,96.3487
100,105.4778,104.4764,108.7924,115.6461,113.8232,118.3627,126.3482,128.4197,141.4178,151.034,156.2294,157.5321,153.8787,157.4005,149.5194,139.3456,132.0016,136.5826,147.3198,135.7732,121.9251,112.8481,117.4397,121.9972,133.3474,137.0918,120.5068,129.7666,132.2112,141.8788,132.8885,126.8237,130.4745,127.7443,124.5709,112.3321,114.5108,114.1915,114.9199,119.4416,127.1875,132.3282,128.4235,144.4814,138.2798,147.2829,147.2578,142.0487,151.0776,149.18,148.173,142.7351,141.2092,140.5379,137.9544,145.2858,135.0766,145.8063,141.3572,140.9584,40.9584
100,109.5722,117.6284,116.9164,106.7986,106.1697,108.3255,112.6956,107.669,119.5155,120.6775,122.5757,128.2222,136.8128,131.1073,122.3892,132.2939,125.2013,110.3939,104.2748,87.3891,84.1914,79.9003,75.8029,77.0208,76.0169,76.4391,73.5261,72.8943,70.6755,71.1309,71.2807,75.5045,72.4068,64.5888,70.0994,70.7568,71.3776,66.877,69.7025,68.7946,71.1554,65.8562,66.8593,69.8678,75.5492,81.505,84.6126,81.7005,79.2422,76.8247,80.0327,81.5958,87.8795,84.4229,81.1188,87.2214,88.9758,88.1511,89.2241,87.116,0
100,88.258,96.8113,105.7823,118.8576,122.4457,119.7676,112.3561,124.9372,121.9551,135.129,135.1155,123.4407,123.654,134.434,127.3669,128.3717,138.6927,138.7312,119.8101,114.8797,117.3743,116.4273,110.2094,101.5522,94.7689,86.9292,84.2133,78.3133,78.1763,75.9881,76.8166,72.0253,83.355,88.9528,92.3353,84.7775,84.6975,76.1413,76.6471,75.6486,71.2881,68.9369,68.6535,74.927,64.9593,72.0636,74.3787,75.6723,72.6122,68.0192,74.1103,79.0825,78.9226,73.324,70.7086,61.4584,60.2792,57.9482,58.3153,59.7949,0
100,104.6468,95.949,90.515,94.4898,94.2786,93.7268,101.3165,97.5264,101.2886,86.3753,92.9833,91.479,91.5627,91.0398,90.7219,90.8299,95.7333,96.7331,97.7768,99.7044,94.4304,97.4164,86.7801,94.4488,95.1262,90.0628,92.0571,91.588,92.3802,97.9136,92.4331,98.1835,100.8008,96.4488,96.6954,96.8439,87.1158,82.0116,80.8079,68.9829,71.8142,71.3169,74.261,74.3326,65.3634,71.0511,71.2538,71.2176,78.1108,71.7976,65.562,63.8684,67.729,69.4907,64.5823,61.753,54.9322,58.5109,59.0957,61.4081,0
100,91.3025,93.9195,100.7447,101.1329,112.5995,116.2807,111.6227,111.0069,105.5987,115.3444,122.2947,128.6372,133.8442,136.375,144.2926,147.0808,140.3338,141.2307,132.7757,131.6251,144.2481,155.1916,166.414,172.97,185.861,189.8425,185.7533,196.8929,205.7981,213.0697,224.3828,239.7632,237.3715,245.6014,248.0423,239.5788,201.6464,204.2321,196.7001,188.4454,185.6572,173.2747,174.3522,165.4958,156.3641,157.8622,152.5882,152.0326,145.2789,137.2109,126.9921,123.9067,114.4275,111.4386,116.3055,117.9221,114.8221,123.6654,123.3651,122.7299,22.7299
100,100.1547,97.907,104.8073,102.7623,100.6673,96.0947,99.2872,89.0158,87.1431,80.182,82.369,78.9959,77.5574,68.6849,75.459,71.8252,75.9215,75.1793,77.5964,76.8235,74.4877,72.14,69.1445,68.1993,72.7849,70.1163,78.8539,78.2071,70.1953,72.6887,69.8749,65.5807,64.2844,55.1939,54.3788,53.9295,56.7177,61.1321,58.4846,58.5843,59.6063,57.0594,57.6957,59.5719,63.2294,60.2938,66.2898,66.0342,68.6322,65.8359,62.6867,58.1533,59.8782,57.9011,54.3546,56.3757,59.6539,64.7489,64.7081,65.2617,0
100,94.7487,90.4821,83.1093,97.1484,98.5707,94.0863,87.0714,90.6532,95.2441,97.0816,91.7898,85.1612,82.7049,85.5045,91.694,103.1332,103.1977,107.8696,94.5386,103.295,98.8528,96.9096,96.997,92.7703,92.8415,93.8832,87.7236,96.5295,105.0996,111.315,110.0627,108.5049,113.0571,112.1191,113.8766,116.1945,123.9027,137.1681,149.2811,148.0939,146.1026,148.9993,128.9925,129.8153,114.4615,113.1215,116.3429,128.8098,131.8507,124.4418,131.149,131.3429,129.5242,124.4002,132.5063,145.3123,161.861,159.1605,168.8761,155.2237,55.2237
100,102.6808,103.2401,106.9761,102.9826,92.7491,90.7151,86.2598,97.2197,102.3164,104.4653,103.3221,109.8181,107.029,115.7021,121.4064,122.8461,124.9234,112.1893,110.7266,118.1189,125.3287,140.7456,149.7486,156.2456,168.441,175.1941,173.7513,148.8126,143.0768,148.2812,132.2076,135.8123,132.5709,133.1514,132.9048,126.4522,141.9717,148.9151,150.8149,156.5371,156.0582,152.5538,151.3227,150.8622,155.1382,148.2206,140.7249,139.483,143.6319,159.1745,159.8935,158.0692,159.1507,151.8782,162.061,174.0716,175.3206,170.9076,176.3549,211.4834,111.4834
